{"cameraMode":{"drawMode":0,"name":"Shaded","section":"Shading Mode"},"sceneLighting":true,"audioPlay":false,"sceneViewState":{"showFog":true,"showMaterialUpdate":false,"showSkybox":true,"showFlares":true,"showImageEffects":true,"showParticleSystems":true,"showVisualEffectGraphs":true,"m_FxEnabled":true},"in2DMode":false,"pivot":{"x":3.0290420055389406,"y":4.241375923156738,"z":3.9539525508880617},"rotation":{"x":0.010473250411450863,"y":0.0702250599861145,"z":-0.0007498411578126252,"w":0.9974866509437561},"size":3.085611343383789,"orthographic":false}